{
    "node0": {
        "name": "Test01",
        "template": 0,
        "Rect": {
            "min_x": 276.0,
            "min_y": 60.0,
            "max_x": 376.0,
            "max_y": 135.0
        }
    },
    "node1": {
        "name": "Test02",
        "template": 0,
        "Rect": {
            "min_x": 262.0,
            "min_y": 106.0,
            "max_x": 362.0,
            "max_y": 181.0
        }
    },
    "template0": {
        "background_color": {
            "r": 0.3921568989753723,
            "g": 0.3921568989753723,
            "b": 0.5490196347236633,
            "a": 1.0
        },
        "background_color_over": {
            "r": 0.43137258291244507,
            "g": 0.43137258291244507,
            "b": 0.5882353186607361,
            "a": 1.0
        },
        "header_color": {
            "r": 0.6274510025978088,
            "g": 0.6274510025978088,
            "b": 0.7058823704719543,
            "a": 1.0
        },
        "input_count": 2,
        "output_count": 2
    }
}